Workbook

Sheet Tech Projects
A1: Project | B1: Business Sector | C1: Budget ($) | D1: Percent Completion | E1: Budget Spent/ Actual Cost ($) | F1: Time Elapsed (months) | G1: Planned Duration (months) | H1: Planned Value | I1: Earned Value | J1: Cost Vairance (CV) | K1: Cost Performance Index | L1: Schedule Variance | M1: Schedule Performance Index | N1: Budget Status | O1: Schedule Status | P1: Completion Status | Q1: To-Complete Performance Index
A2: Project 1 | B2: E-Commerce | C2: 120000 | D2: 0.47 | E2: 16998 | F2: 8 | G2: 18 | H2: =(F2/G2)*C2 -> 53333.333 | I2: =D2*C2 -> 56400 | J2: =I2-E2 -> 39402 | K2: =I2/E2 -> 3.3180374 | L2: =I2-H2 -> 3066.6667 | M2: =(I2/H2) -> 1.0575 | N2: =IFS(J2<0,"Over Budget",J2>=0,"Under Budget") -> Under Budget | O2: =IFS(I2<H2,"Behind Schedule",I2 = H2, "On Schedule",I2>H2, "Ahead of Schedule") -> Ahead of Schedule | P2: =IFS(D2<1,"In Progress",D2=1,"Complete") -> In Progress | Q2: =(C2-I2)/(C2-E2) -> 0.61746374
A3: Project 2 | B3: Clean Energy | C3: 250000 | D3: 1 | E3: 90225 | F3: 13 | G3: 20 | H3: =(F3/G3)*C3 -> 162500 | I3: =D3*C3 -> 250000 | J3: =I3-E3 -> 159775 | K3: =I3/E3 -> 2.7708507 | L3: =I3-H3 -> 87500 | M3: =(I3/H3) -> 1.5384615 | N3: =IFS(J3<0,"Over Budget",J3>=0,"Under Budget") -> Under Budget | O3: =IFS(I3<H3,"Behind Schedule",I3 = H3, "On Schedule",I3>H3, "Ahead of Schedule") -> Ahead of Schedule | P3: =IFS(D3<1,"In Progress",D3=1,"Complete") -> Complete | Q3: =(C3-I3)/(C3-E3) -> 0
A4: Project 3 | B4: EdTech | C4: 80000 | D4: 0.58 | E4: 5206 | F4: 9 | G4: 14 | H4: =(F4/G4)*C4 -> 51428.571 | I4: =D4*C4 -> 46400 | J4: =I4-E4 -> 41194 | K4: =I4/E4 -> 8.9127929 | L4: =I4-H4 -> -5028.5714 | M4: =(I4/H4) -> 0.90222222 | N4: =IFS(J4<0,"Over Budget",J4>=0,"Under Budget") -> Under Budget | O4: =IFS(I4<H4,"Behind Schedule",I4 = H4, "On Schedule",I4>H4, "Ahead of Schedule") -> Behind Schedule | P4: =IFS(D4<1,"In Progress",D4=1,"Complete") -> In Progress | Q4: =(C4-I4)/(C4-E4) -> 0.4492339
A5: Project 4 | B5: Healthcare IT | C5: 300000 | D5: 0.69 | E5: 19154 | F5: 1 | G5: 20 | H5: =(F5/G5)*C5 -> 15000 | I5: =D5*C5 -> 207000 | J5: =I5-E5 -> 187846 | K5: =I5/E5 -> 10.807142 | L5: =I5-H5 -> 192000 | M5: =(I5/H5) -> 13.8 | N5: =IFS(J5<0,"Over Budget",J5>=0,"Under Budget") -> Under Budget | O5: =IFS(I5<H5,"Behind Schedule",I5 = H5, "On Schedule",I5>H5, "Ahead of Schedule") -> Ahead of Schedule | P5: =IFS(D5<1,"In Progress",D5=1,"Complete") -> In Progress | Q5: =(C5-I5)/(C5-E5) -> 0.33114233
A6: Project 5 | B6: FinTech | C6: 150000 | D6: 0.78 | E6: 66979 | F6: 9 | G6: 12 | H6: =(F6/G6)*C6 -> 112500 | I6: =D6*C6 -> 117000 | J6: =I6-E6 -> 50021 | K6: =I6/E6 -> 1.7468162 | L6: =I6-H6 -> 4500 | M6: =(I6/H6) -> 1.04 | N6: =IFS(J6<0,"Over Budget",J6>=0,"Under Budget") -> Under Budget | O6: =IFS(I6<H6,"Behind Schedule",I6 = H6, "On Schedule",I6>H6, "Ahead of Schedule") -> Ahead of Schedule | P6: =IFS(D6<1,"In Progress",D6=1,"Complete") -> In Progress | Q6: =(C6-I6)/(C6-E6) -> 0.39748979
A7: Project 6 | B7: E-Commerce | C7: 500000 | D7: 0.24 | E7: 490443 | F7: 14 | G7: 20 | H7: =(F7/G7)*C7 -> 350000 | I7: =D7*C7 -> 120000 | J7: =I7-E7 -> -370443 | K7: =I7/E7 -> 0.24467675 | L7: =I7-H7 -> -230000 | M7: =(I7/H7) -> 0.34285714 | N7: =IFS(J7<0,"Over Budget",J7>=0,"Under Budget") -> Over Budget | O7: =IFS(I7<H7,"Behind Schedule",I7 = H7, "On Schedule",I7>H7, "Ahead of Schedule") -> Behind Schedule | P7: =IFS(D7<1,"In Progress",D7=1,"Complete") -> In Progress | Q7: =(C7-I7)/(C7-E7) -> 39.761431
A8: Project 7 | B8: EdTech | C8: 90000 | D8: 1 | E8: 17399 | F8: 10 | G8: 14 | H8: =(F8/G8)*C8 -> 64285.714 | I8: =D8*C8 -> 90000 | J8: =I8-E8 -> 72601 | K8: =I8/E8 -> 5.1727111 | L8: =I8-H8 -> 25714.286 | M8: =(I8/H8) -> 1.4 | N8: =IFS(J8<0,"Over Budget",J8>=0,"Under Budget") -> Under Budget | O8: =IFS(I8<H8,"Behind Schedule",I8 = H8, "On Schedule",I8>H8, "Ahead of Schedule") -> Ahead of Schedule | P8: =IFS(D8<1,"In Progress",D8=1,"Complete") -> Complete | Q8: =(C8-I8)/(C8-E8) -> 0
A9: Project 8 | B9: Healthcare IT | C9: 220000 | D9: 0.65 | E9: 4440 | F9: 1 | G9: 15 | H9: =(F9/G9)*C9 -> 14666.667 | I9: =D9*C9 -> 143000 | J9: =I9-E9 -> 138560 | K9: =I9/E9 -> 32.207207 | L9: =I9-H9 -> 128333.33 | M9: =(I9/H9) -> 9.75 | N9: =IFS(J9<0,"Over Budget",J9>=0,"Under Budget") -> Under Budget | O9: =IFS(I9<H9,"Behind Schedule",I9 = H9, "On Schedule",I9>H9, "Ahead of Schedule") -> Ahead of Schedule | P9: =IFS(D9<1,"In Progress",D9=1,"Complete") -> In Progress | Q9: =(C9-I9)/(C9-E9) -> 0.35720913
A10: Project 9 | B10: Enterprise Software | C10: 400000 | D10: 0.2 | E10: 383135 | F10: 3 | G10: 20 | H10: =(F10/G10)*C10 -> 60000 | I10: =D10*C10 -> 80000 | J10: =I10-E10 -> -303135 | K10: =I10/E10 -> 0.20880369 | L10: =I10-H10 -> 20000 | M10: =(I10/H10) -> 1.3333333 | N10: =IFS(J10<0,"Over Budget",J10>=0,"Under Budget") -> Over Budget | O10: =IFS(I10<H10,"Behind Schedule",I10 = H10, "On Schedule",I10>H10, "Ahead of Schedule") -> Ahead of Schedule | P10: =IFS(D10<1,"In Progress",D10=1,"Complete") -> In Progress | Q10: =(C10-I10)/(C10-E10) -> 18.974207
A11: Project 10 | B11: GovTech | C11: 75000 | D11: 0.49 | E11: 73383 | F11: 1 | G11: 12 | H11: =(F11/G11)*C11 -> 6250 | I11: =D11*C11 -> 36750 | J11: =I11-E11 -> -36633 | K11: =I11/E11 -> 0.50079719 | L11: =I11-H11 -> 30500 | M11: =(I11/H11) -> 5.88 | N11: =IFS(J11<0,"Over Budget",J11>=0,"Under Budget") -> Over Budget | O11: =IFS(I11<H11,"Behind Schedule",I11 = H11, "On Schedule",I11>H11, "Ahead of Schedule") -> Ahead of Schedule | P11: =IFS(D11<1,"In Progress",D11=1,"Complete") -> In Progress | Q11: =(C11-I11)/(C11-E11) -> 23.654917
A12: Project 11 | B12: Healthcare IT | C12: 600000 | D12: 0.05 | E12: 436189 | F12: 3 | G12: 20 | H12: =(F12/G12)*C12 -> 90000 | I12: =D12*C12 -> 30000 | J12: =I12-E12 -> -406189 | K12: =I12/E12 -> 0.068777525 | L12: =I12-H12 -> -60000 | M12: =(I12/H12) -> 0.33333333 | N12: =IFS(J12<0,"Over Budget",J12>=0,"Under Budget") -> Over Budget | O12: =IFS(I12<H12,"Behind Schedule",I12 = H12, "On Schedule",I12>H12, "Ahead of Schedule") -> Behind Schedule | P12: =IFS(D12<1,"In Progress",D12=1,"Complete") -> In Progress | Q12: =(C12-I12)/(C12-E12) -> 3.4796198
A13: Project 12 | B13: GovTech | C13: 130000 | D13: 0.98 | E13: 44 | F13: 9 | G13: 12 | H13: =(F13/G13)*C13 -> 97500 | I13: =D13*C13 -> 127400 | J13: =I13-E13 -> 127356 | K13: =I13/E13 -> 2895.4545 | L13: =I13-H13 -> 29900 | M13: =(I13/H13) -> 1.3066667 | N13: =IFS(J13<0,"Over Budget",J13>=0,"Under Budget") -> Under Budget | O13: =IFS(I13<H13,"Behind Schedule",I13 = H13, "On Schedule",I13>H13, "Ahead of Schedule") -> Ahead of Schedule | P13: =IFS(D13<1,"In Progress",D13=1,"Complete") -> In Progress | Q13: =(C13-I13)/(C13-E13) -> 0.020006772
... A101: Project 100 | B101: Cybersecurity | C101: 60000 | D101: 0.97 | E101: 24792 | F101: 2 | G101: 6 | H101: =(F101/G101)*C101 -> 20000 | I101: =D101*C101 -> 58200 | J101: =I101-E101 -> 33408 | K101: =I101/E101 -> 2.3475315 | L101: =I101-H101 -> 38200 | M101: =(I101/H101) -> 2.91 | N101: =IFS(J101<0,"Over Budget",J101>=0,"Under Budget") -> Under Budget | O101: =IFS(I101<H101,"Behind Schedule",I101 = H101, "On Schedule",I101>H101, "Ahead of Schedule") -> Ahead of Schedule | P101: =IFS(D101<1,"In Progress",D101=1,"Complete") -> In Progress | Q101: =(C101-I101)/(C101-E101) -> 0.051124744

Sheet Grading System
A1: {=UNIQUE('Tech Projects'!B:B)} -> Business Sector | B1: Average CPI | C1: Average SPI | D1: Budget Compliance | E1: Budget Reserve Level | F1: TCPI Compliance | G1: Total Sector Score
A2: E-Commerce | B2: =IF(Averages!B2>0.9,1,0) -> 1 | C2: =IF(Averages!C2>0.75,1,0) -> 1 | D2: =IF(Averages!D2<0.5,1,0) -> 0 | E2: =IF((Averages!F2/Averages!G2)>0.3,1,0) -> 0 | F2: =IF(Averages!H2>=0.9,1,0) -> 1 | G2: =SUM(B2:F2) -> 3
A3: Clean Energy | B3: =IF(Averages!B3>0.9,1,0) -> 1 | C3: =IF(Averages!C3>0.75,1,0) -> 1 | D3: =IF(Averages!D3<0.5,1,0) -> 1 | E3: =IF((Averages!F3/Averages!G3)>0.3,1,0) -> 1 | F3: =IF(Averages!H3>=0.9,1,0) -> 0 | G3: =SUM(B3:F3) -> 4
A4: EdTech | B4: =IF(Averages!B4>0.9,1,0) -> 1 | C4: =IF(Averages!C4>0.75,1,0) -> 1 | D4: =IF(Averages!D4<0.5,1,0) -> 1 | E4: =IF((Averages!F4/Averages!G4)>0.3,1,0) -> 1 | F4: =IF(Averages!H4>=0.9,1,0) -> 1 | G4: =SUM(B4:F4) -> 5
A5: Healthcare IT | B5: =IF(Averages!B5>0.9,1,0) -> 1 | C5: =IF(Averages!C5>0.75,1,0) -> 1 | D5: =IF(Averages!D5<0.5,1,0) -> 0 | E5: =IF((Averages!F5/Averages!G5)>0.3,1,0) -> 1 | F5: =IF(Averages!H5>=0.9,1,0) -> 1 | G5: =SUM(B5:F5) -> 4
A6: FinTech | B6: =IF(Averages!B6>0.9,1,0) -> 1 | C6: =IF(Averages!C6>0.75,1,0) -> 1 | D6: =IF(Averages!D6<0.5,1,0) -> 1 | E6: =IF((Averages!F6/Averages!G6)>0.3,1,0) -> 1 | F6: =IF(Averages!H6>=0.9,1,0) -> 1 | G6: =SUM(B6:F6) -> 5
A7: Enterprise Software | B7: =IF(Averages!B7>0.9,1,0) -> 0 | C7: =IF(Averages!C7>0.75,1,0) -> 1 | D7: =IF(Averages!D7<0.5,1,0) -> 0 | E7: =IF((Averages!F7/Averages!G7)>0.3,1,0) -> 1 | F7: =IF(Averages!H7>=0.9,1,0) -> 1 | G7: =SUM(B7:F7) -> 3
A8: GovTech | B8: =IF(Averages!B8>0.9,1,0) -> 1 | C8: =IF(Averages!C8>0.75,1,0) -> 1 | D8: =IF(Averages!D8<0.5,1,0) -> 0 | E8: =IF((Averages!F8/Averages!G8)>0.3,1,0) -> 1 | F8: =IF(Averages!H8>=0.9,1,0) -> 1 | G8: =SUM(B8:F8) -> 4
A9: Cybersecurity | B9: =IF(Averages!B9>0.9,1,0) -> 1 | C9: =IF(Averages!C9>0.75,1,0) -> 1 | D9: =IF(Averages!D9<0.5,1,0) -> 1 | E9: =IF((Averages!F9/Averages!G9)>0.3,1,0) -> 1 | F9: =IF(Averages!H9>=0.9,1,0) -> 1 | G9: =SUM(B9:F9) -> 5
A10: Artificial Intelligence | B10: =IF(Averages!B10>0.9,1,0) -> 0 | C10: =IF(Averages!C10>0.75,1,0) -> 0 | D10: =IF(Averages!D10<0.5,1,0) -> 0 | E10: =IF((Averages!F10/Averages!G10)>0.3,1,0) -> 0 | F10: =IF(Averages!H10>=0.9,1,0) -> 1 | G10: =SUM(B10:F10) -> 1
A11: Telecommunications | B11: =IF(Averages!B11>0.9,1,0) -> 1 | C11: =IF(Averages!C11>0.75,1,0) -> 1 | D11: =IF(Averages!D11<0.5,1,0) -> 1 | E11: =IF((Averages!F11/Averages!G11)>0.3,1,0) -> 1 | F11: =IF(Averages!H11>=0.9,1,0) -> 1 | G11: =SUM(B11:F11) -> 5
A13: Average CPI >.9
A14: Average SPI > .75
A15: Fewer Than 50 % Over Budget
A16: Budget Reserve >= 30% of total budget
A17: Average TCPI > .9
A19: Each requirement is worth a single point on a 5 point scale
A20: The sector grade is determined by their performance in this regard

Sheet Averages
B1: Averge CPI | C1: Average SPI | D1: % Over Budget | E1: % Under Budget | F1: Sector Budget Reserve or Deficit | G1: Sector Total Budget | H1: Average TCPI
A2: {=UNIQUE('Tech Projects'!B2:B101)} -> E-Commerce | B2: =AVERAGEIF('Tech Projects'!B:B,A2,'Tech Projects'!K:K) -> 1.0297714 | C2: =AVERAGEIF('Tech Projects'!B:B,A2,'Tech Projects'!M:M) -> 1.6417116 | D2: =(COUNTIFS('Tech Projects'!B:B,A2,'Tech Projects'!N:N,"Over Budget")/COUNTIF('Tech Projects'!B:B,A2)) -> 0.66666667 | E2: =(COUNTIFS('Tech Projects'!B:B,A2,'Tech Projects'!N:N,"Under Budget")/COUNTIF('Tech Projects'!B:B,A2)) -> 0.33333333 | F2: =SUMIF('Tech Projects'!B:B,A2,'Tech Projects'!C:C)-SUMIF('Tech Projects'!B:B,A2,'Tech Projects'!E:E) -> 684659 | G2: =SUMIF('Tech Projects'!B:B,A2,'Tech Projects'!C:C) -> 2365000 | H2: =AVERAGEIF('Tech Projects'!B:B,A2,'Tech Projects'!Q:Q) -> 5.9055348
A3: Clean Energy | B3: =AVERAGEIF('Tech Projects'!B:B,A3,'Tech Projects'!K:K) -> 1.6849582 | C3: =AVERAGEIF('Tech Projects'!B:B,A3,'Tech Projects'!M:M) -> 2.356969 | D3: =(COUNTIFS('Tech Projects'!B:B,A3,'Tech Projects'!N:N,"Over Budget")/COUNTIF('Tech Projects'!B:B,A3)) -> 0.3 | E3: =(COUNTIFS('Tech Projects'!B:B,A3,'Tech Projects'!N:N,"Under Budget")/COUNTIF('Tech Projects'!B:B,A3)) -> 0.7 | F3: =SUMIF('Tech Projects'!B:B,A3,'Tech Projects'!C:C)-SUMIF('Tech Projects'!B:B,A3,'Tech Projects'!E:E) -> 1270444 | G3: =SUMIF('Tech Projects'!B:B,A3,'Tech Projects'!C:C) -> 3080000 | H3: =AVERAGEIF('Tech Projects'!B:B,A3,'Tech Projects'!Q:Q) -> 0.85607946
A4: EdTech | B4: =AVERAGEIF('Tech Projects'!B:B,A4,'Tech Projects'!K:K) -> 4.0463694 | C4: =AVERAGEIF('Tech Projects'!B:B,A4,'Tech Projects'!M:M) -> 1.7923352 | D4: =(COUNTIFS('Tech Projects'!B:B,A4,'Tech Projects'!N:N,"Over Budget")/COUNTIF('Tech Projects'!B:B,A4)) -> 0.3125 | E4: =(COUNTIFS('Tech Projects'!B:B,A4,'Tech Projects'!N:N,"Under Budget")/COUNTIF('Tech Projects'!B:B,A4)) -> 0.6875 | F4: =SUMIF('Tech Projects'!B:B,A4,'Tech Projects'!C:C)-SUMIF('Tech Projects'!B:B,A4,'Tech Projects'!E:E) -> 1781056 | G4: =SUMIF('Tech Projects'!B:B,A4,'Tech Projects'!C:C) -> 3765000 | H4: =AVERAGEIF('Tech Projects'!B:B,A4,'Tech Projects'!Q:Q) -> 1.7086768
A5: Healthcare IT | B5: =AVERAGEIF('Tech Projects'!B:B,A5,'Tech Projects'!K:K) -> 4.8923338 | C5: =AVERAGEIF('Tech Projects'!B:B,A5,'Tech Projects'!M:M) -> 2.8936151 | D5: =(COUNTIFS('Tech Projects'!B:B,A5,'Tech Projects'!N:N,"Over Budget")/COUNTIF('Tech Projects'!B:B,A5)) -> 0.63636364 | E5: =(COUNTIFS('Tech Projects'!B:B,A5,'Tech Projects'!N:N,"Under Budget")/COUNTIF('Tech Projects'!B:B,A5)) -> 0.36363636 | F5: =SUMIF('Tech Projects'!B:B,A5,'Tech Projects'!C:C)-SUMIF('Tech Projects'!B:B,A5,'Tech Projects'!E:E) -> 2726151 | G5: =SUMIF('Tech Projects'!B:B,A5,'Tech Projects'!C:C) -> 5390000 | H5: =AVERAGEIF('Tech Projects'!B:B,A5,'Tech Projects'!Q:Q) -> 1.5013237
A6: FinTech | B6: =AVERAGEIF('Tech Projects'!B:B,A6,'Tech Projects'!K:K) -> 1.6981496 | C6: =AVERAGEIF('Tech Projects'!B:B,A6,'Tech Projects'!M:M) -> 1.53507 | D6: =(COUNTIFS('Tech Projects'!B:B,A6,'Tech Projects'!N:N,"Over Budget")/COUNTIF('Tech Projects'!B:B,A6)) -> 0.45454545 | E6: =(COUNTIFS('Tech Projects'!B:B,A6,'Tech Projects'!N:N,"Under Budget")/COUNTIF('Tech Projects'!B:B,A6)) -> 0.54545455 | F6: =SUMIF('Tech Projects'!B:B,A6,'Tech Projects'!C:C)-SUMIF('Tech Projects'!B:B,A6,'Tech Projects'!E:E) -> 941947 | G6: =SUMIF('Tech Projects'!B:B,A6,'Tech Projects'!C:C) -> 2240000 | H6: =AVERAGEIF('Tech Projects'!B:B,A6,'Tech Projects'!Q:Q) -> 6.0080609
A7: Enterprise Software | B7: =AVERAGEIF('Tech Projects'!B:B,A7,'Tech Projects'!K:K) -> 0.79071549 | C7: =AVERAGEIF('Tech Projects'!B:B,A7,'Tech Projects'!M:M) -> 1.5750884 | D7: =(COUNTIFS('Tech Projects'!B:B,A7,'Tech Projects'!N:N,"Over Budget")/COUNTIF('Tech Projects'!B:B,A7)) -> 0.71428571 | E7: =(COUNTIFS('Tech Projects'!B:B,A7,'Tech Projects'!N:N,"Under Budget")/COUNTIF('Tech Projects'!B:B,A7)) -> 0.28571429 | F7: =SUMIF('Tech Projects'!B:B,A7,'Tech Projects'!C:C)-SUMIF('Tech Projects'!B:B,A7,'Tech Projects'!E:E) -> 1109802 | G7: =SUMIF('Tech Projects'!B:B,A7,'Tech Projects'!C:C) -> 2360000 | H7: =AVERAGEIF('Tech Projects'!B:B,A7,'Tech Projects'!Q:Q) -> 6.9053542
A8: GovTech | B8: =AVERAGEIF('Tech Projects'!B:B,A8,'Tech Projects'!K:K) -> 208.06147 | C8: =AVERAGEIF('Tech Projects'!B:B,A8,'Tech Projects'!M:M) -> 3.6270952 | D8: =(COUNTIFS('Tech Projects'!B:B,A8,'Tech Projects'!N:N,"Over Budget")/COUNTIF('Tech Projects'!B:B,A8)) -> 0.5 | E8: =(COUNTIFS('Tech Projects'!B:B,A8,'Tech Projects'!N:N,"Under Budget")/COUNTIF('Tech Projects'!B:B,A8)) -> 0.5 | F8: =SUMIF('Tech Projects'!B:B,A8,'Tech Projects'!C:C)-SUMIF('Tech Projects'!B:B,A8,'Tech Projects'!E:E) -> 1731268 | G8: =SUMIF('Tech Projects'!B:B,A8,'Tech Projects'!C:C) -> 3445000 | H8: =AVERAGEIF('Tech Projects'!B:B,A8,'Tech Projects'!Q:Q) -> 3.2046589
A9: Cybersecurity | B9: =AVERAGEIF('Tech Projects'!B:B,A9,'Tech Projects'!K:K) -> 7.9073582 | C9: =AVERAGEIF('Tech Projects'!B:B,A9,'Tech Projects'!M:M) -> 1.5405253 | D9: =(COUNTIFS('Tech Projects'!B:B,A9,'Tech Projects'!N:N,"Over Budget")/COUNTIF('Tech Projects'!B:B,A9)) -> 0.4 | E9: =(COUNTIFS('Tech Projects'!B:B,A9,'Tech Projects'!N:N,"Under Budget")/COUNTIF('Tech Projects'!B:B,A9)) -> 0.6 | F9: =SUMIF('Tech Projects'!B:B,A9,'Tech Projects'!C:C)-SUMIF('Tech Projects'!B:B,A9,'Tech Projects'!E:E) -> 1533399 | G9: =SUMIF('Tech Projects'!B:B,A9,'Tech Projects'!C:C) -> 2495000 | H9: =AVERAGEIF('Tech Projects'!B:B,A9,'Tech Projects'!Q:Q) -> 34.326342
A10: Artificial Intelligence | B10: =AVERAGEIF('Tech Projects'!B:B,A10,'Tech Projects'!K:K) -> 0.62083157 | C10: =AVERAGEIF('Tech Projects'!B:B,A10,'Tech Projects'!M:M) -> 0.59626667 | D10: =(COUNTIFS('Tech Projects'!B:B,A10,'Tech Projects'!N:N,"Over Budget")/COUNTIF('Tech Projects'!B:B,A10)) -> 0.8 | E10: =(COUNTIFS('Tech Projects'!B:B,A10,'Tech Projects'!N:N,"Under Budget")/COUNTIF('Tech Projects'!B:B,A10)) -> 0.2 | F10: =SUMIF('Tech Projects'!B:B,A10,'Tech Projects'!C:C)-SUMIF('Tech Projects'!B:B,A10,'Tech Projects'!E:E) -> 296223 | G10: =SUMIF('Tech Projects'!B:B,A10,'Tech Projects'!C:C) -> 1765000 | H10: =AVERAGEIF('Tech Projects'!B:B,A10,'Tech Projects'!Q:Q) -> 22.003633
A11: Telecommunications | B11: =AVERAGEIF('Tech Projects'!B:B,A11,'Tech Projects'!K:K) -> 1.3419704 | C11: =AVERAGEIF('Tech Projects'!B:B,A11,'Tech Projects'!M:M) -> 1.9157035 | D11: =(COUNTIFS('Tech Projects'!B:B,A11,'Tech Projects'!N:N,"Over Budget")/COUNTIF('Tech Projects'!B:B,A11)) -> 0.42857143 | E11: =(COUNTIFS('Tech Projects'!B:B,A11,'Tech Projects'!N:N,"Under Budget")/COUNTIF('Tech Projects'!B:B,A11)) -> 0.57142857 | F11: =SUMIF('Tech Projects'!B:B,A11,'Tech Projects'!C:C)-SUMIF('Tech Projects'!B:B,A11,'Tech Projects'!E:E) -> 851859 | G11: =SUMIF('Tech Projects'!B:B,A11,'Tech Projects'!C:C) -> 1995000 | H11: =AVERAGEIF('Tech Projects'!B:B,A11,'Tech Projects'!Q:Q) -> 1.1461801

Sheet Grades
A1: {=UNIQUE('Tech Projects'!B:B)} -> Business Sector | B1: Performance Grade
A2: E-Commerce | B2: =('Grading System'!G2) -> 3
A3: Clean Energy | B3: =('Grading System'!G3) -> 4
A4: EdTech | B4: =('Grading System'!G4) -> 5
A5: Healthcare IT | B5: =('Grading System'!G5) -> 4
A6: FinTech | B6: =('Grading System'!G6) -> 5
A7: Enterprise Software | B7: =('Grading System'!G7) -> 3
A8: GovTech | B8: =('Grading System'!G8) -> 4
A9: Cybersecurity | B9: =('Grading System'!G9) -> 5
A10: Artificial Intelligence | B10: =('Grading System'!G10) -> 1
A11: Telecommunications | B11: =('Grading System'!G11) -> 5
